 FIPS,"Age-Adjusted Incidence Rate(Ê) - cases per 100,000",Average Annual Count,Recent Trend
*,62.4,214614,falling
1001,74.9,43,stable
1003,66.9,170,stable
1005,74.6,25,stable
1007,86.4,23,stable
1009,69.7,51,stable
1011,65.8,9,stable
1013,58.3,17,stable
1015,84.2,120,stable
1017,75.4,34,falling
1019,82.4,32,stable
1021,73.9,39,stable
1023,49.2,10,stable
1025,69.5,23,stable
1027,83.3,16,stable
1029,74.9,14,stable
1031,71.5,43,stable
1033,75.9,57,stable
1035,73.5,14,stable
1037,82.6,14,stable
1039,83,44,stable
1041,61.5,11,stable
1043,69.6,73,stable
1045,76.7,44,stable
1047,76.2,39,stable
1049,60.8,51,stable
1051,78.1,66,stable
1053,75.5,36,stable
1055,81.9,110,stable
1057,77.3,19,stable
1059,72.4,28,stable
1061,90.3,35,stable
1063,87.9,10,stable
1065,71,14,stable
1067,66.5,17,falling
1069,70.8,88,stable
1071,80.9,58,stable
1073,65.1,482,falling
1075,80.4,17,stable
1077,69.3,87,stable
1079,88.1,37,stable
1081,59.4,71,stable
1083,73.4,69,stable
1085,57.6,8,stable
1087,57.9,15,stable
1089,64.8,236,falling
1091,61.6,17,stable
1093,74.2,33,stable
1095,79.4,90,stable
1097,75.4,347,stable
1099,62.3,19,stable
1101,61,144,falling
1103,80.4,116,stable
1105,83.1,11,stable
1107,65.6,18,stable
1109,61.8,22,stable
1111,75.5,24,stable
1113,78.7,47,stable
1115,74.7,72,stable
1117,57.1,108,stable
1119,55.5,9,stable
1121,74,74,stable
1123,70.5,41,stable
1125,72.3,135,stable
1127,98.3,89,stable
1129,74.8,16,stable
1131,73.2,11,stable
1133,90.8,31,stable
2013,* ,3 or fewer,*
2016,* ,3 or fewer,*
2020,61.5,131,stable
2050,62.7,6,stable
2060,* ,3 or fewer,*
2068,* ,3 or fewer,*
2070,* ,3 or fewer,*
2090,58.1,36,stable
2100,* ,3 or fewer,*
2110,35.1,9,stable
2122,64.9,39,stable
2130,88.3,12,stable
2150,74.7,7,stable
2164,* ,3 or fewer,*
2170,69.7,51,stable
2180,103.6,6,stable
2185,153.4,6,stable
2188,67.6,3,*
2201,81.4,4,stable
2220,44,4,stable
2232,* ,3 or fewer,*
2240,76.8,5,stable
2261,66.1,6,stable
2270,* ,3 or fewer,*
2280,78.8,6,stable
2282,* ,3 or fewer,*
2290,58.3,3,*
4001,22.9,16,rising
4003,46.9,84,stable
4005,36.7,39,stable
4007,54.3,52,stable
4009,45.5,16,stable
4011,64,6,stable
4012,54.4,25,stable
4013,52.2,2059,falling
4015,76.6,280,stable
4017,39.6,46,stable
4019,50.9,628,stable
4021,45.5,201,falling
4023,36.1,19,stable
4025,51.9,203,stable
4027,48,115,stable
5001,85.9,21,stable
5003,77,23,stable
5005,85.6,71,stable
5007,56.4,129,stable
5009,67.7,35,stable
5011,86.3,13,stable
5013,82.5,6,stable
5015,59.1,25,stable
5017,76.4,12,stable
5019,71.6,19,stable
5021,108.7,26,stable
5023,83.6,38,stable
5025,77.5,9,stable
5027,72,21,stable
5029,75,21,stable
5031,74.6,74,stable
5033,79.1,56,stable
5035,75.6,37,stable
5037,77.5,18,stable
5039,82.2,9,stable
5041,79.2,13,stable
5043,77.3,17,falling
5045,75.9,78,stable
5047,77.1,19,stable
5049,64.7,14,stable
5051,80.6,121,stable
5053,96.1,21,stable
5055,89.2,45,stable
5057,60.6,17,stable
5059,94.2,41,stable
5061,96.2,16,stable
5063,82.3,38,stable
5065,55.9,13,stable
5067,104.4,24,stable
5069,97.5,84,stable
5071,97.2,29,falling
5073,98.1,12,falling
5075,102.7,25,stable
5077,57,8,stable
5079,63.4,10,stable
5081,79.5,14,stable
5083,87,27,stable
5085,91.9,62,stable
5087,67.8,14,stable
5089,82.7,26,stable
5091,81.2,41,stable
5093,73.6,36,stable
5095,89.5,11,stable
5097,67.5,11,stable
5099,69.2,9,stable
5101,63.9,9,stable
5103,84,30,stable
5105,98.8,14,stable
5107,88.1,23,stable
5109,87.8,13,stable
5111,114,36,stable
5113,67.1,22,stable
5115,86.3,59,stable
5117,89,12,stable
5119,68,277,stable
5121,83.9,21,stable
5123,65.2,20,stable
5125,73.9,100,stable
5127,91.5,15,stable
5129,72.1,10,stable
5131,78.2,108,stable
5133,70.4,12,stable
5135,89.3,26,stable
5137,66.5,14,stable
5139,89,46,stable
5141,65.1,19,stable
5143,67.1,119,stable
5145,91.2,81,stable
5147,108.5,11,stable
5149,88.1,24,stable
6001,46,687,falling
6003,* ,3 or fewer,*
6005,58.7,38,stable
6007,61.4,169,stable
6009,52.3,41,stable
6011,56,11,stable
6013,49.2,554,falling
6015,78.4,25,stable
6017,50,116,stable
6019,50.8,411,stable
6021,61.2,19,stable
6023,56.4,86,stable
6025,44.3,69,stable
6027,45.7,13,stable
6029,55.7,371,stable
6031,48.8,54,stable
6033,73.7,70,stable
6035,60.9,19,stable
6037,39.9,3701,falling
6039,51.8,76,stable
6041,41.6,145,falling
6043,54.6,17,stable
6045,52.2,62,stable
6047,56.9,120,falling
6049,43.7,6,stable
6051,24.6,3,*
6053,42.6,163,stable
6055,53.3,92,falling
6057,47.3,75,stable
6059,44.1,1326,falling
6061,49.6,222,stable
6063,44.2,15,stable
6065,47.2,1031,stable
6067,56.9,793,stable
6069,40.2,18,stable
6071,49.5,807,falling
6073,49,1485,falling
6075,49,459,falling
6077,56.8,353,stable
6079,46.9,161,stable
6081,45.3,375,falling
6083,42.1,189,stable
6085,41.1,705,stable
6087,37.6,99,stable
6089,62.5,154,stable
6091,* ,3 or fewer,*
6093,60.5,44,stable
6095,58.1,246,stable
6097,49.5,288,falling
6099,57.4,273,stable
6101,56.3,56,stable
6103,65.2,54,falling
6105,66.6,15,stable
6107,47.9,174,falling
6109,58,52,stable
6111,41.5,344,falling
6113,42.3,74,stable
6115,68.1,44,stable
8001,52.6,182,stable
8003,47.9,7,stable
8005,47.5,253,stable
8007,31.7,6,falling
8009,78.2,5,stable
8011,44,4,stable
8013,35.5,94,stable
8014,48.4,23,stable
8015,36.9,11,stable
8017,* ,3 or fewer,*
8019,38.1,3,*
8021,34.7,4,stable
8023,* ,3 or fewer,*
8025,* ,3 or fewer,*
8027,59.5,4,stable
8029,46.3,23,falling
8031,48.5,264,stable
8033,* ,3 or fewer,*
8035,37.1,75,stable
8037,28.3,9,stable
8039,47.5,10,stable
8041,50.3,282,falling
8043,56.4,38,stable
8045,43.2,19,stable
8047,* ,3 or fewer,*
8049,47.5,6,stable
8051,24.8,3,*
8053,* ,3 or fewer,*
8055,59.2,8,stable
8057,* ,3 or fewer,*
8059,43.7,262,stable
8061,* ,3 or fewer,*
8063,55.1,6,stable
8065,* ,3 or fewer,*
8067,34.4,19,stable
8069,39.7,124,stable
8071,46.9,10,stable
8073,53.5,4,stable
8075,36.4,10,stable
8077,56.1,102,stable
8079,* ,3 or fewer,*
8081,40,6,stable
8083,40.2,15,stable
8085,49.6,28,stable
8087,49.5,16,stable
8089,40.5,11,stable
8091,* ,3 or fewer,*
8093,35.8,8,falling
8095,53,4,stable
8097,24.1,4,rising
8099,67.3,10,stable
8101,49.8,99,stable
8103,* ,3 or fewer,*
8105,29.2,5,stable
8107,31.5,6,stable
8109,60.6,4,stable
8111,* ,3 or fewer,*
8113,* ,3 or fewer,*
8115,* ,3 or fewer,*
8117,14.8,4,*
8119,41.1,11,stable
8121,* ,3 or fewer,*
8123,45.7,101,stable
8125,62.5,8,stable
9001,54.9,571,falling
9003,62,662,falling
9005,62.5,160,stable
9007,65.7,144,stable
9009,70.2,718,falling
9011,68.7,224,stable
9013,62.7,98,stable
9015,65,86,stable
10001,79.2,147,stable
10003,67.3,387,stable
10005,74.2,239,stable
11001,59,351,stable
12001,67.8,160,stable
12003,99.5,27,stable
12005,88.4,185,stable
12007,82.1,28,stable
12009,74.2,647,falling
12011,53.5,1129,falling
12013,78.2,15,stable
12015,62.3,233,falling
12017,79.7,244,stable
12019,79.2,161,stable
12021,43.3,268,falling
12023,88.2,77,stable
12027,57.7,28,stable
12029,100,26,stable
12031,78.1,685,stable
12033,78.4,281,stable
12035,67.7,120,stable
12037,93.4,16,stable
12039,66.4,38,stable
12041,74.3,17,stable
12043,54.9,13,stable
12045,92.6,20,stable
12047,67.8,12,stable
12049,69,20,stable
12051,65.2,25,stable
12053,74.9,241,stable
12055,73.3,155,stable
12057,69.7,895,falling
12059,71.2,20,stable
12061,67,180,stable
12063,48.4,31,stable
12065,42.5,9,stable
12067,97.3,9,stable
12069,76,400,stable
12071,59.2,651,stable
12073,54.8,130,stable
12075,103.5,67,stable
12077,73.3,6,stable
12079,54.8,14,stable
12081,59,328,stable
12083,82,493,falling
12085,59.6,177,stable
12086,44.4,1310,stable
12087,54.6,62,stable
12089,81.2,83,stable
12091,71.8,153,stable
12093,93.3,48,stable
12095,57.6,588,stable
12097,54.7,147,stable
12099,54.1,1183,stable
12101,75.9,552,stable
12103,68.9,1032,stable
12105,74.4,631,falling
12107,97.2,106,stable
12109,65.2,166,stable
12111,64.5,277,stable
12113,74.9,130,stable
12115,57.6,479,stable
12117,54.2,246,falling
12119,65.3,180,falling
12121,87.2,53,stable
12123,84.4,25,stable
12125,203.7,35,stable
12127,70.8,568,stable
12129,95.9,31,stable
12131,74.3,57,stable
12133,74.7,23,stable
13001,74.4,15,stable
13003,59.4,5,stable
13005,87.5,11,stable
13007,72.9,3,*
13009,73.5,36,stable
13011,65.2,13,stable
13013,89.6,55,stable
13015,91.3,91,stable
13017,84,18,stable
13019,78.2,18,stable
13021,79.4,134,stable
13023,72.3,11,stable
13025,87.8,18,stable
13027,76.9,16,stable
13029,84.3,22,stable
13031,78.6,44,stable
13033,85.9,21,stable
13035,95.7,25,stable
13037,63.4,4,stable
13039,67.4,29,stable
13043,82.9,11,stable
13045,83.9,88,stable
13047,65.6,50,stable
13049,60,9,stable
13051,65.2,183,stable
13053,84.3,3,*
13055,101.5,31,stable
13057,73.2,135,stable
13059,61.8,52,stable
13061,64.1,3,*
13063,65.1,115,falling
13065,86.9,7,stable
13067,60.3,341,falling
13069,79.5,34,stable
13071,89.5,44,stable
13073,61.4,73,stable
13075,90,17,stable
13077,65,78,stable
13079,100.7,16,stable
13081,72.3,21,stable
13083,79.7,17,stable
13085,74.1,21,stable
13087,70.4,23,stable
13089,53.2,311,falling
13091,81.3,20,stable
13093,58.6,10,stable
13095,73.4,72,stable
13097,81.1,90,stable
13099,61.5,9,stable
13101,* ,3 or fewer,*
13103,85.2,41,stable
13105,73.4,20,stable
13107,67.6,18,stable
13109,68.8,9,stable
13111,73.2,29,stable
13113,47.4,57,stable
13115,81.1,92,stable
13117,60.6,90,stable
13119,81.4,25,stable
13121,54.5,431,falling
13123,76.1,32,stable
13125,* ,3 or fewer,*
13127,71.9,73,stable
13129,94.7,55,stable
13131,74,23,stable
13133,69.9,19,*
13135,51.8,288,falling
13137,64.4,35,stable
13139,61.2,108,stable
13141,38.8,5,*
13143,94.4,33,falling
13145,62,24,stable
13147,69,25,stable
13149,104.6,15,stable
13151,60.3,102,stable
13153,73.2,96,stable
13155,83.4,10,stable
13157,78.4,50,stable
13159,78.7,12,*
13161,76.2,13,stable
13163,62.8,14,*
13165,68.6,7,stable
13167,65.4,8,stable
13169,79.9,27,stable
13171,86.5,18,stable
13173,77.2,8,stable
13175,69.5,41,stable
13177,83.2,19,stable
13179,76.8,30,stable
13181,65.3,7,stable
13183,88.9,10,stable
13185,65.3,62,stable
13187,72.3,24,stable
13189,69.5,18,stable
13191,55,11,stable
13193,69,11,stable
13195,90.4,31,stable
13197,64.6,7,falling
13199,66.8,19,stable
13201,89.1,8,stable
13205,85.1,23,stable
13207,72.7,24,stable
13209,71.7,7,stable
13211,65.5,16,*
13213,103.1,42,stable
13215,70.3,134,stable
13217,78.9,69,stable
13219,46.8,15,stable
13221,75.4,14,stable
13223,77.7,83,stable
13225,77.9,22,stable
13227,82.3,34,stable
13229,80.1,18,stable
13231,75.6,15,stable
13233,102,48,stable
13235,50.6,8,stable
13237,74.4,23,*
13239,110.8,5,stable
13241,67.1,18,stable
13243,56.6,6,stable
13245,72.7,148,falling
13247,60.7,49,stable
13249,69.9,4,stable
13251,79.1,15,stable
13253,66.4,9,stable
13255,74.3,55,stable
13257,76.8,27,stable
13259,65.5,4,stable
13261,63.1,22,stable
13263,73.2,7,stable
13265,* ,3 or fewer,*
13267,100.8,26,stable
13269,54.2,6,stable
13271,55.1,11,stable
13273,63,8,stable
13275,74.5,41,stable
13277,71.4,31,stable
13279,74,23,stable
13281,62.4,15,stable
13283,78.5,6,stable
13285,71.1,52,stable
13287,80.4,9,stable
13289,91.8,12,stable
13291,70.4,30,stable
13293,87.8,31,stable
13295,84.3,72,stable
13297,67.9,61,stable
13299,70.6,32,stable
13301,84.9,7,*
13303,68.2,17,*
13305,76.2,25,stable
13307,* ,3 or fewer,*
13309,62.8,5,stable
13311,69.8,27,stable
13313,77.6,79,stable
13315,64.9,7,stable
13317,66,10,stable
13319,79.9,11,stable
13321,70.8,19,stable
15001,44.9,107,stable
15003,48.3,550,stable
15005,* ,3 or fewer,*
15007,45.2,39,stable
15009,43.2,80,stable
16001,52.2,191,stable
16003,69.5,5,stable
16005,41,32,stable
16007,* ,3 or fewer,*
16009,79,10,stable
16011,38.7,18,stable
16013,22.6,5,stable
16015,69.2,6,stable
16017,54.3,32,stable
16019,35.7,35,stable
16021,46.3,7,stable
16023,* ,3 or fewer,*
16025,* ,3 or fewer,*
16027,56.1,99,stable
16029,* ,3 or fewer,*
16031,34,8,stable
16033,* ,3 or fewer,*
16035,55.4,8,stable
16037,52.4,4,stable
16039,72.4,17,stable
16041,* ,3 or fewer,*
16043,40.4,6,stable
16045,67.1,17,stable
16047,66.9,12,stable
16049,48.2,14,stable
16051,33.9,7,stable
16053,48,10,stable
16055,56.6,96,stable
16057,50.6,17,stable
16059,46.5,7,stable
16061,66.5,4,stable
16063,* ,3 or fewer,*
16065,* ,3 or fewer,*
16067,54.8,13,stable
16069,69.3,38,stable
16071,* ,3 or fewer,*
16073,40.7,5,stable
16075,64.8,18,stable
16077,41.4,3,*
16079,98.7,20,stable
16081,* ,3 or fewer,*
16083,53.4,47,stable
16085,41.3,6,stable
16087,68.3,11,stable
17001,74.1,68,stable
17003,93.5,11,stable
17005,70.2,15,stable
17007,66.3,36,stable
17009,81.4,6,stable
17011,69.6,34,stable
17013,81.4,6,stable
17015,54,14,stable
17017,89.7,15,stable
17019,62.4,107,stable
17021,94.1,45,stable
17023,75.5,17,stable
17025,79.5,15,stable
17027,63.6,29,stable
17029,80.4,48,stable
17031,63.4,3359,falling
17033,88.9,24,stable
17035,89.1,13,stable
17037,72.8,63,stable
17039,94.3,21,stable
17041,66.3,17,stable
17043,56.1,529,falling
17045,76.6,20,stable
17047,88.7,9,stable
17049,67.5,29,stable
17051,58,16,stable
17053,66.8,14,stable
17055,103.4,59,stable
17057,74.9,38,stable
17059,87.9,8,falling
17061,72.7,14,stable
17063,90,45,stable
17065,85.2,11,stable
17067,74.4,21,stable
17069,90.3,6,stable
17071,78.2,9,stable
17073,74.9,52,stable
17075,72,31,stable
17077,69,41,stable
17079,67.3,9,stable
17081,92.7,46,falling
17083,78.7,23,stable
17085,55.9,22,stable
17087,83.6,15,stable
17089,58.9,266,stable
17091,73.6,94,stable
17093,54.6,45,stable
17095,69.1,53,stable
17097,58.2,379,stable
17099,76.4,113,stable
17101,88.2,19,stable
17103,66.9,31,falling
17105,81.6,40,stable
17107,90.7,34,stable
17109,63.1,23,stable
17111,65.3,185,falling
17113,64.1,97,stable
17115,96.6,140,falling
17117,79.5,52,stable
17119,83.5,265,falling
17121,91.5,49,stable
17123,58.5,12,stable
17125,92.3,20,stable
17127,100.9,22,stable
17129,75.9,13,stable
17131,76.7,19,stable
17133,60.9,24,stable
17135,86.5,34,stable
17137,77.6,36,stable
17139,56.9,11,stable
17141,66.7,45,stable
17143,84,180,stable
17145,74.4,21,stable
17147,79.8,18,stable
17149,68.4,17,stable
17151,105.5,7,falling
17153,113.1,10,stable
17155,73.5,7,stable
17157,78.6,33,stable
17159,81.6,19,rising
17161,66.8,127,stable
17163,75.8,219,stable
17165,91.8,33,stable
17167,77.6,183,stable
17169,82.9,9,stable
17171,83.2,6,stable
17173,77.1,25,stable
17175,77.3,7,stable
17177,63.8,43,stable
17179,87.2,151,falling
17181,102.7,26,stable
17183,86.4,92,stable
17185,91.6,15,falling
17187,74,17,stable
17189,74.1,15,stable
17191,89.2,22,stable
17193,81.2,18,falling
17195,71.8,57,stable
17197,72,414,falling
17199,97.5,85,stable
17201,74,252,stable
17203,61,29,stable
18001,50.2,19,rising
18003,61.9,227,stable
18005,77.8,69,stable
18007,82.7,9,stable
18009,74.9,13,stable
18011,67,39,stable
18013,61.8,14,stable
18015,66.1,17,stable
18017,89.5,42,stable
18019,88.1,107,stable
18021,73.8,25,stable
18023,76.2,29,stable
18025,94.6,13,stable
18027,62.8,23,stable
18029,82.3,48,stable
18031,69.6,21,stable
18033,68.5,33,stable
18035,79.9,108,stable
18037,55,28,stable
18039,70.2,144,stable
18041,87.4,29,stable
18043,79.3,67,stable
18045,82.3,20,stable
18047,64.7,18,stable
18049,83.8,23,stable
18051,70,29,stable
18053,85.5,78,stable
18055,81.1,35,stable
18057,46.7,102,stable
18059,83.1,65,stable
18061,90.7,43,rising
18063,69.9,98,falling
18065,76.6,49,stable
18067,75,81,stable
18069,65,29,stable
18071,81.4,42,stable
18073,85.6,33,stable
18075,68.9,18,stable
18077,81.7,32,stable
18079,97.9,30,stable
18081,67.9,101,stable
18083,76,37,stable
18085,71.6,64,stable
18087,56.4,21,stable
18089,74,412,stable
18091,77.2,103,stable
18093,89.5,55,stable
18095,81.8,133,stable
18097,79.7,682,stable
18099,67.1,39,stable
18101,71.5,10,stable
18103,77.1,34,stable
18105,66.9,81,stable
18107,70,33,stable
18109,83.9,65,stable
18111,75.3,15,stable
18113,69,35,stable
18115,123.2,10,stable
18117,85.4,22,stable
18119,85,24,stable
18121,75.1,17,stable
18123,101.2,24,stable
18125,66.6,12,stable
18127,73.6,133,stable
18129,60.3,19,stable
18131,71.1,13,stable
18133,95.1,41,stable
18135,83.1,29,stable
18137,75.6,27,stable
18139,80.8,18,stable
18141,71.5,212,falling
18143,91.8,26,stable
18145,81.8,43,stable
18147,77.9,21,stable
18149,93.5,29,stable
18151,71,31,rising
18153,81.8,22,stable
18155,84.7,11,stable
18157,64,91,stable
18159,73.3,16,stable
18161,65.2,7,stable
18163,79.6,169,stable
18165,92.6,20,stable
18167,80.4,96,stable
18169,64.3,28,stable
18171,66,7,falling
18173,66.7,47,stable
18175,96.2,33,stable
18177,85.2,77,stable
18179,52.4,19,stable
18181,76.2,26,stable
18183,63.8,26,stable
19001,65.2,8,stable
19003,68.9,4,stable
19005,39.9,9,stable
19007,78.5,15,rising
19009,42.4,4,stable
19011,67.5,22,stable
19013,72.5,108,stable
19015,61.3,21,stable
19017,41.6,14,stable
19019,82.8,21,stable
19021,40.9,10,stable
19023,45.4,10,stable
19025,54.6,9,stable
19027,60.8,18,stable
19029,73.2,15,stable
19031,66.5,16,stable
19033,65.8,43,stable
19035,47.6,10,stable
19037,52.9,10,stable
19039,70.6,9,rising
19041,57.8,13,stable
19043,60.3,16,stable
19045,64.1,42,stable
19047,54.8,12,stable
19049,61.6,38,stable
19051,53.6,6,stable
19053,65,7,stable
19055,38.4,9,stable
19057,86.7,49,stable
19059,59.6,18,stable
19061,59.4,70,falling
19063,69.8,10,stable
19065,59.9,19,stable
19067,65.7,16,stable
19069,54.7,8,rising
19071,76.2,8,stable
19073,63.7,9,rising
19075,48.7,9,stable
19077,55.6,9,stable
19079,64.7,14,stable
19081,58.8,9,stable
19083,58.5,16,stable
19085,86.4,18,stable
19087,70.4,18,stable
19089,41.9,6,stable
19091,54.5,9,stable
19093,55.6,6,stable
19095,47.5,11,stable
19097,66.1,18,stable
19099,72.4,36,stable
19101,49.5,11,stable
19103,50.5,53,stable
19105,57.8,17,stable
19107,68.1,10,stable
19109,58,14,stable
19111,73.2,36,stable
19113,65.7,152,falling
19115,64.1,9,stable
19117,60.1,8,stable
19119,45.2,7,stable
19121,58.2,11,stable
19123,79.1,22,stable
19125,57.4,24,stable
19127,65.8,35,falling
19129,73.1,13,stable
19131,48.2,9,stable
19133,58.3,9,stable
19135,74.8,9,stable
19137,59,10,stable
19139,62.8,31,stable
19141,53.2,12,stable
19143,52.1,5,stable
19145,98,23,stable
19147,61.1,9,stable
19149,54.9,18,stable
19151,52.4,6,stable
19153,75.3,309,stable
19155,84.6,94,stable
19157,43.4,12,stable
19159,46.1,4,*
19161,57.4,10,stable
19163,72.7,134,stable
19165,52.4,10,stable
19167,43.1,16,stable
19169,56,43,stable
19171,65.3,16,stable
19173,57.9,6,stable
19175,74.3,13,stable
19177,75.4,9,rising
19179,78.5,36,stable
19181,69.5,37,stable
19183,52.9,16,stable
19185,63.7,6,stable
19187,67.6,34,stable
19189,61.3,10,rising
19191,36,10,stable
19193,71.5,79,stable
19195,45.3,5,stable
19197,56.1,12,stable
20001,_ ,_,_
20003,_ ,_,_
20005,_ ,_,_
20007,_ ,_,_
20009,_ ,_,_
20011,_ ,_,_
20013,_ ,_,_
20015,_ ,_,_
20017,_ ,_,_
20019,_ ,_,_
20021,_ ,_,_
20023,_ ,_,_
20025,_ ,_,_
20027,_ ,_,_
20029,_ ,_,_
20031,_ ,_,_
20033,_ ,_,_
20035,_ ,_,_
20037,_ ,_,_
20039,_ ,_,_
20041,_ ,_,_
20043,_ ,_,_
20045,_ ,_,_
20047,_ ,_,_
20049,_ ,_,_
20051,_ ,_,_
20053,_ ,_,_
20055,_ ,_,_
20057,_ ,_,_
20059,_ ,_,_
20061,_ ,_,_
20063,_ ,_,_
20065,_ ,_,_
20067,_ ,_,_
20069,_ ,_,_
20071,_ ,_,_
20073,_ ,_,_
20075,_ ,_,_
20077,_ ,_,_
20079,_ ,_,_
20081,_ ,_,_
20083,_ ,_,_
20085,_ ,_,_
20087,_ ,_,_
20089,_ ,_,_
20091,_ ,_,_
20093,_ ,_,_
20095,_ ,_,_
20097,_ ,_,_
20099,_ ,_,_
20101,_ ,_,_
20103,_ ,_,_
20105,_ ,_,_
20107,_ ,_,_
20109,_ ,_,_
20111,_ ,_,_
20113,_ ,_,_
20115,_ ,_,_
20117,_ ,_,_
20119,_ ,_,_
20121,_ ,_,_
20123,_ ,_,_
20125,_ ,_,_
20127,_ ,_,_
20129,_ ,_,_
20131,_ ,_,_
20133,_ ,_,_
20135,_ ,_,_
20137,_ ,_,_
20139,_ ,_,_
20141,_ ,_,_
20143,_ ,_,_
20145,_ ,_,_
20147,_ ,_,_
20149,_ ,_,_
20151,_ ,_,_
20153,_ ,_,_
20155,_ ,_,_
20157,_ ,_,_
20159,_ ,_,_
20161,_ ,_,_
20163,_ ,_,_
20165,_ ,_,_
20167,_ ,_,_
20169,_ ,_,_
20171,_ ,_,_
20173,_ ,_,_
20175,_ ,_,_
20177,_ ,_,_
20179,_ ,_,_
20181,_ ,_,_
20183,_ ,_,_
20185,_ ,_,_
20187,_ ,_,_
20189,_ ,_,_
20191,_ ,_,_
20193,_ ,_,_
20195,_ ,_,_
20197,_ ,_,_
20199,_ ,_,_
20201,_ ,_,_
20203,_ ,_,_
20205,_ ,_,_
20207,_ ,_,_
20209,_ ,_,_
21001,91.2,21,stable
21003,82.9,20,stable
21005,95.1,23,stable
21007,94.3,11,stable
21009,106.9,58,stable
21011,109,16,stable
21013,99.5,37,stable
21015,86,90,stable
21017,93.4,24,stable
21019,92.7,61,stable
21021,77.6,29,stable
21023,120.6,12,stable
21025,105.7,18,stable
21027,110.2,29,stable
21029,90.9,70,stable
21031,87.2,14,rising
21033,103.9,19,stable
21035,79.1,35,stable
21037,94.5,93,stable
21039,95.2,7,stable
21041,120.7,15,stable
21043,103,35,stable
21045,108.6,23,stable
21047,84.9,53,falling
21049,93.4,40,stable
21051,118.6,28,stable
21053,111.7,16,stable
21055,76.6,10,stable
21057,96.4,10,stable
21059,110.2,130,stable
21061,85.6,14,stable
21063,73.8,8,stable
21065,124.6,24,stable
21067,74,206,stable
21069,90.5,16,stable
21071,149.4,73,falling
21073,93,56,stable
21075,112.4,11,stable
21077,104,9,stable
21079,97.8,21,stable
21081,95.8,23,stable
21083,85.8,43,stable
21085,129.7,43,stable
21087,86.4,14,stable
21089,107.4,54,stable
21091,81.9,9,stable
21093,101.5,104,stable
21095,127.6,48,stable
21097,95.8,23,stable
21099,114.5,27,stable
21101,97.8,54,stable
21103,109.3,21,stable
21105,80,6,stable
21107,89.9,55,stable
21109,118.3,20,stable
21111,89.6,759,stable
21113,89,44,stable
21115,113,33,stable
21117,90.3,145,stable
21119,116.1,23,stable
21121,125,50,falling
21123,74.6,14,stable
21125,89.1,61,stable
21127,113.9,22,stable
21129,117.7,11,stable
21131,151.8,22,stable
21133,118.5,37,stable
21135,112.6,19,stable
21137,98.5,31,stable
21139,113.1,16,stable
21141,103.5,36,falling
21143,86.4,12,stable
21145,80.9,72,stable
21147,157.5,31,stable
21149,101.7,14,stable
21151,91.6,76,stable
21153,109.7,16,rising
21155,100.8,22,stable
21157,82.9,40,stable
21159,145.1,20,stable
21161,123.7,27,stable
21163,118.1,33,stable
21165,124.6,11,stable
21167,93.3,27,stable
21169,107.7,15,stable
21171,106.8,16,stable
21173,94.8,29,stable
21175,98.9,16,stable
21177,102.6,42,stable
21179,90.4,42,stable
21181,106.5,10,stable
21183,124.8,38,stable
21185,77.2,43,stable
21187,91.2,12,stable
21189,148.1,9,stable
21191,97.9,16,stable
21193,139.7,49,falling
21195,123,98,stable
21197,152.9,23,stable
21199,93.6,80,stable
21201,111.8,4,stable
21203,118.1,25,stable
21205,92.4,22,stable
21207,102.4,25,stable
21209,87.3,37,stable
21211,76.6,36,stable
21213,106.5,22,stable
21215,84.8,15,stable
21217,100.2,32,stable
21219,83.1,12,stable
21221,94.6,20,stable
21223,113.2,12,stable
21225,106.4,17,stable
21227,91.3,100,stable
21229,80.5,12,stable
21231,101.7,28,stable
21233,109.1,19,stable
21235,122.4,50,stable
21237,118.3,11,stable
21239,68.2,20,stable
22001,79.6,53,stable
22003,71.2,19,stable
22005,68.6,63,stable
22007,77.8,21,stable
22009,85.2,42,stable
22011,76.4,30,stable
22013,82,16,stable
22015,75.3,91,stable
22017,69,201,stable
22019,68.4,145,stable
22021,95.2,12,stable
22023,64.1,5,stable
22025,93,12,stable
22027,69.5,15,stable
22029,76.7,19,stable
22031,80.7,27,stable
22033,56.4,240,stable
22035,98,8,stable
22037,61.1,15,stable
22039,81.8,30,stable
22041,77.2,21,stable
22043,100.8,24,stable
22045,78.2,60,stable
22047,92.2,34,stable
22049,80.5,18,stable
22051,67.4,340,stable
22053,81.8,31,stable
22055,69.9,145,stable
22057,70.9,73,stable
22059,87.6,16,falling
22061,60.7,27,stable
22063,81.6,98,stable
22065,66.7,9,stable
22067,76.1,27,stable
22069,66,29,stable
22071,67.6,242,stable
22073,78.3,126,stable
22075,70.4,17,stable
22077,53.5,17,stable
22079,68.9,103,stable
22081,57.9,6,stable
22083,79,19,stable
22085,66.5,23,falling
22087,97.4,33,stable
22089,71.2,36,stable
22091,64.3,9,stable
22093,58,14,stable
22095,61.6,27,stable
22097,80.3,76,stable
22099,75.1,42,stable
22101,66.6,40,stable
22103,67.3,179,stable
22105,79.3,100,stable
22107,58.5,4,stable
22109,76.2,86,stable
22111,78.9,24,stable
22113,77.5,49,stable
22115,91.7,39,stable
22117,92,53,stable
22119,86.3,46,stable
22121,71.5,18,stable
22123,78.5,12,stable
22125,80.1,14,stable
22127,80.3,15,stable
23001,78.1,101,stable
23003,84.1,92,stable
23005,68.3,237,stable
23007,57.7,24,stable
23009,68.8,56,stable
23011,75.6,121,stable
23013,72,45,stable
23015,50.8,30,stable
23017,85.6,70,stable
23019,84.4,160,stable
23021,75.8,21,stable
23023,66,31,stable
23025,84.3,60,stable
23027,83.6,44,stable
23029,87.8,45,stable
23031,71.7,187,stable
24001,78.1,82,stable
24003,64.3,364,stable
24005,67.6,661,stable
24009,64.7,57,stable
24011,75.1,28,stable
24013,61,117,stable
24015,79.2,85,stable
24017,55.4,74,stable
24019,73.1,34,stable
24021,52.7,124,stable
24023,49.5,21,stable
24025,68.6,184,rising
24027,44.4,118,stable
24029,61.1,20,stable
24031,35.4,371,falling
24033,46.6,361,falling
24035,63.9,39,stable
24037,68.8,68,stable
24039,95.9,29,stable
24041,51.1,34,stable
24043,71.8,126,stable
24045,79.4,87,falling
24047,70.2,63,stable
24510,80.9,512,stable
25001,60,247,stable
25003,70,135,stable
25005,72.9,476,stable
25007,53.7,13,stable
25009,67.5,602,stable
25011,52.1,50,stable
25013,67.8,368,stable
25015,52.5,90,stable
25017,61.8,1031,falling
25019,52.8,6,stable
25021,63,511,stable
25023,72.4,430,stable
25025,69.7,448,falling
25027,69.8,616,stable
26001,66.2 #  ,15,stable
26003,48.6 #  ,8,stable
26005,53.7 #  ,70,stable
26007,77.1 #  ,35,falling
26009,59.1 #  ,24,stable
26011,104.9 #  ,27,stable
26013,74.9 #  ,9,stable
26015,45.3 #  ,34,stable
26017,60.7 #  ,87,stable
26019,71.4 #  ,21,stable
26021,69.7 #  ,143,stable
26023,61.6 #  ,34,stable
26025,71.1 #  ,119,stable
26027,56.1 #  ,39,stable
26029,61.7 #  ,24,stable
26031,73.6 #  ,32,stable
26033,73.6 #  ,34,stable
26035,75.6 #  ,37,stable
26037,36.6 #  ,31,stable
26039,73 #  ,17,stable
26041,63.2 #  ,36,stable
26043,50.7 #  ,20,stable
26045,51.8 #  ,68,stable
26047,63 #  ,29,stable
26049,80.3 #  ,399,stable
26051,79 #  ,35,stable
26053,63.1 #  ,17,stable
26055,66.4 #  ,74,stable
26057,66 #  ,33,stable
26059,62.4 #  ,39,stable
26061,49.6 #  ,21,stable
26063,56.8 #  ,31,stable
26065,58.8 #  ,155,stable
26067,63.5 #  ,43,stable
26069,65.6 #  ,34,stable
26071,60.4 #  ,15,stable
26073,69.2 #  ,41,stable
26075,82 #  ,157,stable
26077,61.3 #  ,163,stable
26079,73.4 #  ,18,stable
26081,59.3 #  ,353,stable
26083,* ,3 or fewer,*
26085,77.4 #  ,16,stable
26087,71.9 #  ,76,stable
26089,35.7 #  ,14,stable
26091,60 #  ,73,stable
26093,54.6 #  ,108,stable
26095,84 #  ,8,stable
26097,61.9 #  ,12,stable
26099,75.2,756,falling
26101,67.3 #  ,27,stable
26103,64.9 #  ,54,stable
26105,54.9 #  ,24,stable
26107,69.4 #  ,36,stable
26109,50.1 #  ,19,stable
26111,58 #  ,60,stable
26113,73.3 #  ,15,stable
26115,63.6 #  ,115,stable
26117,75.3 #  ,56,stable
26119,78.6 #  ,15,stable
26121,77.6 #  ,155,stable
26123,63.8 #  ,40,stable
26125,62.8,866,stable
26127,51.2 #  ,19,stable
26129,73.2 #  ,27,stable
26131,71.1 #  ,10,falling
26133,97 #  ,31,stable
26135,87.3 #  ,14,stable
26137,68.2 #  ,23,falling
26139,39.3 #  ,105,stable
26141,57.9 #  ,15,stable
26143,81 #  ,41,stable
26145,69.1 #  ,173,stable
26147,69.5 #  ,141,falling
26149,65.7 #  ,49,stable
26151,50.2 #  ,30,stable
26153,70.8 #  ,10,stable
26155,77.9 #  ,67,stable
26157,73.5 #  ,55,stable
26159,68.2 #  ,63,stable
26161,54.4 #  ,172,stable
26163,83,1634,falling
26165,90.7 #  ,38,stable
27001,_ ,_,_
27003,_ ,_,_
27005,_ ,_,_
27007,_ ,_,_
27009,_ ,_,_
27011,_ ,_,_
27013,_ ,_,_
27015,_ ,_,_
27017,_ ,_,_
27019,_ ,_,_
27021,_ ,_,_
27023,_ ,_,_
27025,_ ,_,_
27027,_ ,_,_
27029,_ ,_,_
27031,_ ,_,_
27033,_ ,_,_
27035,_ ,_,_
27037,_ ,_,_
27039,_ ,_,_
27041,_ ,_,_
27043,_ ,_,_
27045,_ ,_,_
27047,_ ,_,_
27049,_ ,_,_
27051,_ ,_,_
27053,_ ,_,_
27055,_ ,_,_
27057,_ ,_,_
27059,_ ,_,_
27061,_ ,_,_
27063,_ ,_,_
27065,_ ,_,_
27067,_ ,_,_
27069,_ ,_,_
27071,_ ,_,_
27073,_ ,_,_
27075,_ ,_,_
27077,_ ,_,_
27079,_ ,_,_
27081,_ ,_,_
27083,_ ,_,_
27085,_ ,_,_
27087,_ ,_,_
27089,_ ,_,_
27091,_ ,_,_
27093,_ ,_,_
27095,_ ,_,_
27097,_ ,_,_
27099,_ ,_,_
27101,_ ,_,_
27103,_ ,_,_
27105,_ ,_,_
27107,_ ,_,_
27109,_ ,_,_
27111,_ ,_,_
27113,_ ,_,_
27115,_ ,_,_
27117,_ ,_,_
27119,_ ,_,_
27121,_ ,_,_
27123,_ ,_,_
27125,_ ,_,_
27127,_ ,_,_
27129,_ ,_,_
27131,_ ,_,_
27133,_ ,_,_
27135,_ ,_,_
27137,_ ,_,_
27139,_ ,_,_
27141,_ ,_,_
27143,_ ,_,_
27145,_ ,_,_
27147,_ ,_,_
27149,_ ,_,_
27151,_ ,_,_
27153,_ ,_,_
27155,_ ,_,_
27157,_ ,_,_
27159,_ ,_,_
27161,_ ,_,_
27163,_ ,_,_
27165,_ ,_,_
27167,_ ,_,_
27169,_ ,_,_
27171,_ ,_,_
27173,_ ,_,_
28001,69,29,stable
28003,75.7,37,stable
28005,56.9,11,stable
28007,62.5,17,stable
28009,61.8,7,stable
28011,76.2,27,stable
28013,88.1,17,stable
28015,72.3,11,stable
28017,78.4,16,falling
28019,44.4,5,stable
28021,93.3,10,stable
28023,75,17,stable
28025,78.5,20,stable
28027,76.3,21,stable
28029,86.2,30,stable
28031,78,19,stable
28033,78.4,118,stable
28035,84.2,61,stable
28037,49.9,5,stable
28039,74.7,19,stable
28041,46.1,7,stable
28043,93.4,25,stable
28045,72.8,41,stable
28047,89.5,179,stable
28049,75.4,178,stable
28051,95,19,stable
28053,72.3,7,stable
28055,* ,3 or fewer,*
28057,95.6,28,stable
28059,75.8,116,falling
28061,78.7,18,stable
28063,77.7,7,stable
28065,68.6,12,stable
28067,62.9,50,stable
28069,57,8,stable
28071,63.6,28,stable
28073,62.7,33,stable
28075,70.4,65,stable
28077,106,17,stable
28079,75,20,stable
28081,91.3,83,stable
28083,82.3,26,stable
28085,68.5,28,stable
28087,70.2,45,stable
28089,70.9,64,stable
28091,81.8,27,falling
28093,80.6,34,stable
28095,81.6,38,stable
28097,65.6,10,stable
28099,59.2,19,stable
28101,68.2,18,stable
28103,57.8,8,stable
28105,51.9,20,stable
28107,75.2,29,stable
28109,89,60,stable
28111,81.6,12,stable
28113,78.4,38,stable
28115,80.5,27,stable
28117,82.4,26,stable
28119,75.1,7,stable
28121,76.4,111,stable
28123,87.3,27,stable
28125,55.8,3,*
28127,85.9,28,stable
28129,61.9,13,stable
28131,82.2,16,falling
28133,65,18,stable
28135,81.1,13,stable
28137,87.8,27,stable
28139,71.8,19,stable
28141,78.4,22,stable
28143,84.2,8,stable
28145,72.4,23,stable
28147,50.8,10,stable
28149,73.7,41,stable
28151,75.8,42,rising
28153,61.2,15,stable
28155,90.6,12,stable
28157,60.5,7,stable
28159,83.9,21,stable
28161,114.7,20,stable
28163,95.3,27,stable
29001,57.8,15,stable
29003,50.5,11,stable
29005,71,7,stable
29007,90.1,29,stable
29009,77.4,39,rising
29011,67.2,12,rising
29013,80.8,19,stable
29015,89.1,33,stable
29017,96.4,16,stable
29019,63.4,86,falling
29021,86.8,88,stable
29023,95.7,56,stable
29025,89.3,11,stable
29027,79.4,39,stable
29029,68.6,51,stable
29031,70.1,62,stable
29033,94.6,13,stable
29035,110,9,stable
29037,70.1,81,stable
29039,78.3,17,stable
29041,67.7,8,stable
29043,63,53,stable
29045,95.2,9,stable
29047,79,173,stable
29049,83.5,22,stable
29051,64,53,stable
29053,69,15,stable
29055,93.1,30,stable
29057,83.3,10,stable
29059,79.2,18,stable
29061,75,9,stable
29063,39.5,6,stable
29065,74.4,17,stable
29067,51.9,11,stable
29069,100.1,41,stable
29071,76.9,92,stable
29073,64,15,falling
29075,66.3,7,stable
29077,69.8,220,stable
29079,71.9,11,stable
29081,79.6,11,stable
29083,100.3,33,stable
29085,73.4,16,stable
29087,68.3,5,stable
29089,54.6,7,rising
29091,81.4,44,stable
29093,103.3,16,stable
29095,75.3,542,stable
29097,85.8,109,stable
29099,85.9,195,stable
29101,66.1,33,stable
29103,92.7,6,stable
29105,76.5,35,stable
29107,73.9,32,stable
29109,66.5,34,stable
29111,79.9,11,rising
29113,87.7,45,stable
29115,91.5,17,stable
29117,86.8,18,stable
29119,77.8,19,stable
29121,41.9,10,rising
29123,106.8,19,stable
29125,60.4,8,stable
29127,87.9,33,stable
29129,114.1,7,stable
29131,88.8,28,stable
29133,100,18,stable
29135,54.6,10,stable
29137,77.2,10,stable
29139,83,14,stable
29141,85,29,stable
29143,112.7,28,stable
29145,57.8,42,stable
29147,73.5,18,stable
29149,65.2,12,stable
29151,59.6,10,stable
29153,78.9,14,stable
29155,88.6,19,stable
29157,75.1,18,stable
29159,71.2,35,stable
29161,71.7,36,stable
29163,94.3,22,stable
29165,59.8,56,stable
29167,66,26,stable
29169,103.4,35,stable
29171,92.9,7,stable
29173,67,9,stable
29175,84.8,25,stable
29177,92.8,27,stable
29179,68.4,7,stable
29181,95,20,stable
29183,73.7,264,stable
29185,73.6,13,falling
29186,53.6,13,stable
29187,106.8,82,stable
29189,69,854,stable
29195,74.3,22,stable
29197,64.2,4,stable
29199,58,4,stable
29201,99,49,stable
29203,70.3,9,stable
29205,71.9,7,stable
29207,93.4,39,stable
29209,66.5,39,stable
29211,88.6,8,stable
29213,80.6,58,stable
29215,71,26,stable
29217,75.9,21,rising
29219,76,30,stable
29221,93,28,stable
29223,114.9,25,stable
29225,73.9,30,stable
29227,* ,3 or fewer,*
29229,83.4,21,falling
29510,88.9,275,stable
30001,52,7,stable
30003,42.3,5,stable
30005,76.8,6,stable
30007,44.9,4,stable
30009,35.8,6,stable
30011,* ,3 or fewer,*
30013,66.6,68,stable
30015,59.1,5,rising
30017,70.8,11,stable
30019,* ,3 or fewer,*
30021,84.6,11,stable
30023,59.5,9,stable
30025,* ,3 or fewer,*
30027,58.5,12,stable
30029,58.4,65,stable
30031,37.1,29,falling
30033,* ,3 or fewer,*
30035,92.4,11,stable
30037,* ,3 or fewer,*
30039,* ,3 or fewer,*
30041,64.4,11,stable
30043,71.9,11,stable
30045,* ,3 or fewer,*
30047,52.6,21,stable
30049,65.2,49,stable
30051,* ,3 or fewer,*
30053,71.4,24,stable
30055,* ,3 or fewer,*
30057,44.9,6,stable
30059,97.1,3,*
30061,66.4,5,stable
30063,56.9,61,stable
30065,82,6,stable
30067,42.8,9,stable
30069,* ,3 or fewer,*
30071,53.2,4,stable
30073,66.3,6,stable
30075,* ,3 or fewer,*
30077,85.3,8,stable
30079,* ,3 or fewer,*
30081,48.9,31,stable
30083,78.6,10,stable
30085,64.2,6,stable
30087,56.8,5,stable
30089,62.1,13,stable
30091,68,5,*
30093,56,25,stable
30095,49.2,7,stable
30097,70.2,4,stable
30099,60.8,6,stable
30101,77.5,5,stable
30103,* ,3 or fewer,*
30105,48.8,6,rising
30107,* ,3 or fewer,*
30109,* ,3 or fewer,*
30111,60.9,105,stable
31001,62.7,24,stable
31003,51.1,6,stable
31005,* ,3 or fewer,*
31007,* ,3 or fewer,*
31009,* ,3 or fewer,*
31011,50.2,4,stable
31013,48.9,7,stable
31015,* ,3 or fewer,*
31017,* ,3 or fewer,*
31019,49.3,23,stable
31021,66.2,7,stable
31023,48,6,stable
31025,65.5,19,stable
31027,32.5,5,stable
31029,77.6,5,stable
31031,38.1,3,*
31033,60.7,8,stable
31035,54.1,5,stable
31037,45.9,5,stable
31039,41.6,6,stable
31041,48.3,8,stable
31043,73,15,stable
31045,43.8,5,stable
31047,45.9,13,stable
31049,* ,3 or fewer,*
31051,63.3,6,stable
31053,70.2,36,stable
31055,69.5,338,stable
31057,* ,3 or fewer,*
31059,48.1,5,stable
31061,* ,3 or fewer,*
31063,* ,3 or fewer,*
31065,65.8,5,stable
31067,59.5,19,stable
31069,* ,3 or fewer,*
31071,* ,3 or fewer,*
31073,* ,3 or fewer,*
31075,* ,3 or fewer,*
31077,* ,3 or fewer,*
31079,57.8,38,stable
31081,48,6,stable
31083,* ,3 or fewer,*
31085,* ,3 or fewer,*
31087,* ,3 or fewer,*
31089,49.5,8,stable
31091,* ,3 or fewer,*
31093,54.1,5,stable
31095,65.2,8,stable
31097,97.5,7,stable
31099,60.8,6,stable
31101,49.2,7,stable
31103,* ,3 or fewer,*
31105,60.6,4,stable
31107,59.3,8,stable
31109,57.3,155,stable
31111,57.1,26,stable
31113,* ,3 or fewer,*
31115,* ,3 or fewer,*
31117,* ,3 or fewer,*
31119,61.4,25,stable
31121,68,8,stable
31123,71.6,5,stable
31125,* ,3 or fewer,*
31127,62.5,6,stable
31129,64.8,5,stable
31131,59.6,13,rising
31133,60.9,3,*
31135,* ,3 or fewer,*
31137,44.3,6,stable
31139,56,6,stable
31141,54.9,21,stable
31143,65.7,5,stable
31145,49.5,8,stable
31147,60.6,8,stable
31149,* ,3 or fewer,*
31151,79.5,12,stable
31153,65.1,81,stable
31155,60.8,17,stable
31157,45.9,22,stable
31159,44.2,9,stable
31161,42.2,4,stable
31163,* ,3 or fewer,*
31165,* ,3 or fewer,*
31167,* ,3 or fewer,*
31169,57.9,5,stable
31171,* ,3 or fewer,*
31173,65.1,4,stable
31175,* ,3 or fewer,*
31177,43.1,11,stable
31179,29.3,3,*
31181,68.8,5,stable
31183,* ,3 or fewer,*
31185,36.8,7,stable
32001,__ ,__,__
32003,__ ,__,__
32005,__ ,__,__
32007,__ ,__,__
32009,__ ,__,__
32011,__ ,__,__
32013,__ ,__,__
32015,__ ,__,__
32017,__ ,__,__
32019,__ ,__,__
32021,__ ,__,__
32023,__ ,__,__
32027,__ ,__,__
32029,__ ,__,__
32031,__ ,__,__
32033,__ ,__,__
32510,__ ,__,__
33001,65.6,56,falling
33003,65.8,53,stable
33005,66.6,63,stable
33007,69.9,36,stable
33009,56.4,65,stable
33011,66.2,283,stable
33013,66.9,118,stable
33015,72.5,242,stable
33017,75,96,stable
33019,72.6,44,stable
34001,69.9,230,falling
34003,50.9,580,falling
34005,65.1,342,stable
34007,71.9,406,stable
34009,83.5,136,stable
34011,73.4,122,stable
34013,50.9,399,falling
34015,80.5,250,stable
34017,48.8,279,falling
34019,54.4,80,falling
34021,59.1,235,falling
34023,53.4,459,stable
34025,63.9,475,stable
34027,49.6,287,falling
34029,71.4,645,falling
34031,53.8,276,falling
34033,72.8,62,falling
34035,48.7,171,falling
34037,64.2,106,falling
34039,47.9,274,falling
34041,65.4,85,falling
35001,39.4,277,falling
35003,41.2,4,*
35005,47.5,36,falling
35006,50.6,15,stable
35007,38.1,9,stable
35009,46.8,21,stable
35011,* ,3 or fewer,*
35013,42.6,92,stable
35015,47.3,29,stable
35017,44.7,22,stable
35019,* ,3 or fewer,*
35021,* ,3 or fewer,*
35023,* ,3 or fewer,*
35025,57.7,34,falling
35027,45.4,17,stable
35028,26.5,7,stable
35029,56.8,22,stable
35031,13.5,9,falling
35033,* ,3 or fewer,*
35035,58.5,45,stable
35037,62.1,9,stable
35039,34.8,16,stable
35041,55.2,10,stable
35043,40.4,58,stable
35045,44,53,stable
35047,37.3,14,stable
35049,31.7,59,stable
35051,55.1,16,stable
35053,47.8,10,stable
35055,35,16,stable
35057,49,11,stable
35059,* ,3 or fewer,*
35061,50.8,42,stable
36001,73,258,stable
36003,76.9,46,stable
36005,50.4,641,stable
36007,61.7,160,stable
36009,75.8,77,stable
36011,77.7,79,stable
36013,67.9,122,stable
36015,77,88,stable
36017,71.9,49,stable
36019,95.1,90,stable
36021,79,74,rising
36023,79,43,stable
36025,68.9,51,stable
36027,64.7,226,stable
36029,76.2,886,stable
36031,68,40,stable
36033,77.9,46,stable
36035,80,58,stable
36037,80.4,61,stable
36039,72.7,51,stable
36041,78.4,7,stable
36043,71.1,63,stable
36045,79.6,88,stable
36047,49.3,1218,stable
36049,62.7,22,stable
36051,67.2,52,stable
36053,79.9,69,stable
36055,65.2,569,falling
36057,81.1,53,stable
36059,58.4,992,stable
36061,50.4,892,stable
36063,80.1,227,stable
36065,79.9,245,stable
36067,78.2,432,falling
36069,72.6,102,stable
36071,67.8,248,stable
36073,89.8,47,stable
36075,92.6,126,stable
36077,66.5,55,stable
36079,69,77,stable
36081,47.8,1161,falling
36083,84,157,stable
36085,66.4,344,stable
36087,50.2,177,stable
36089,82.4,108,falling
36091,72.2,188,stable
36093,70.9,135,stable
36095,65.1,29,stable
36097,70.3,18,stable
36099,81.3,37,stable
36101,80,104,stable
36103,69.7,1195,stable
36105,71.9,71,stable
36107,64.4,44,falling
36109,57.6,54,stable
36111,71.5,164,stable
36113,71.2,66,rising
36115,88.7,71,falling
36117,72.8,84,stable
36119,53.2,615,stable
36121,68.3,34,stable
36123,73.2,25,stable
37001,71.3,131,stable
37003,75.7,36,stable
37005,62.4,12,stable
37007,80.5,26,stable
37009,70.1,30,stable
37011,65.5,17,stable
37013,83.5,58,stable
37015,69.7,20,stable
37017,64.1,30,stable
37019,69.8,127,stable
37021,66.2,211,stable
37023,83.1,100,stable
37025,76.9,135,stable
37027,82.9,89,falling
37029,41.1,5,stable
37031,76.1,77,stable
37033,70.4,22,rising
37035,68.8,126,stable
37037,53,52,stable
37039,79.1,39,stable
37041,66.1,15,stable
37043,69.3,14,stable
37045,72.3,90,stable
37047,82.6,61,stable
37049,81,103,stable
37051,73.3,202,stable
37053,78.6,22,falling
37055,66.3,31,stable
37057,83.9,170,stable
37059,81.6,47,stable
37061,62,45,stable
37063,61.1,147,stable
37065,65.8,47,stable
37067,70.9,277,stable
37069,76.3,53,stable
37071,87.2,211,stable
37073,51.8,8,stable
37075,48.8,7,stable
37077,82.3,56,stable
37079,70.2,17,stable
37081,70.3,367,stable
37083,68.9,51,stable
37085,86.3,93,stable
37087,70.2,67,stable
37089,59.9,109,stable
37091,68.3,22,stable
37093,96.9,34,stable
37095,83.6,6,stable
37097,73.9,131,stable
37099,64.9,33,stable
37101,70.1,116,stable
37103,86.4,13,stable
37105,76.6,51,falling
37107,73,57,stable
37109,71.6,65,stable
37111,88.6,54,stable
37113,75.4,46,stable
37115,56.5,18,stable
37117,68,24,stable
37119,59.4,452,stable
37121,81.4,20,stable
37123,71.3,26,stable
37125,73.7,108,stable
37127,72.8,85,stable
37129,66.2,158,stable
37131,72.4,24,stable
37133,85.5,101,stable
37135,57.5,69,stable
37137,83.3,19,stable
37139,68.8,32,stable
37141,70.9,49,stable
37143,68.9,15,stable
37145,84.6,42,stable
37147,62.9,95,stable
37149,50.3,19,stable
37151,86.5,147,stable
37153,85.7,49,stable
37155,69.2,95,stable
37157,89.9,113,stable
37159,85.9,144,stable
37161,79.4,76,stable
37163,77.7,60,stable
37165,84.5,36,stable
37167,80.4,64,stable
37169,90.6,58,stable
37171,82.9,83,stable
37173,95.5,18,stable
37175,53.6,33,stable
37177,97.5,6,stable
37179,62.9,113,stable
37181,71,39,stable
37183,55.9,406,falling
37185,81.7,26,stable
37187,58.6,11,stable
37189,51.4,26,stable
37191,76.6,105,stable
37193,77.2,75,stable
37195,71.2,71,stable
37197,82.2,42,stable
37199,86.3,25,stable
38001,* ,3 or fewer,*
38003,64.5,10,falling
38005,59.4,4,stable
38007,* ,3 or fewer,*
38009,58.3,6,*
38011,81.7,4,stable
38013,* ,3 or fewer,*
38015,52.2,49,stable
38017,59.8,80,rising
38019,50.3,4,stable
38021,49.6,4,rising
38023,* ,3 or fewer,*
38025,* ,3 or fewer,*
38027,* ,3 or fewer,*
38029,43.3,3,*
38031,* ,3 or fewer,*
38033,* ,3 or fewer,*
38035,59.7,36,stable
38037,* ,3 or fewer,*
38039,* ,3 or fewer,*
38041,* ,3 or fewer,*
38043,* ,3 or fewer,*
38045,* ,3 or fewer,*
38047,* ,3 or fewer,*
38049,63.6,6,stable
38051,* ,3 or fewer,*
38053,43.5,3,*
38055,53.4,8,stable
38057,50.6,6,stable
38059,68.7,24,stable
38061,70.9,6,stable
38063,71.9,4,stable
38065,* ,3 or fewer,*
38067,65.2,8,stable
38069,41,3,*
38071,73.7,11,stable
38073,67.9,6,stable
38075,* ,3 or fewer,*
38077,45.2,9,stable
38079,76.5,10,stable
38081,100,6,falling
38083,* ,3 or fewer,*
38085,* ,3 or fewer,*
38087,* ,3 or fewer,*
38089,42.7,13,stable
38091,* ,3 or fewer,*
38093,56.5,17,stable
38095,* ,3 or fewer,*
38097,62,7,rising
38099,56.7,10,stable
38101,64.6,41,stable
38103,40.6,4,stable
38105,53.9,14,stable
39001,87.1,32,stable
39003,70.4,90,stable
39005,61.2,41,stable
39007,79.2,103,stable
39009,76.6,43,falling
39011,68.1,40,stable
39013,61.3,60,stable
39015,106.2,58,stable
39017,75,285,stable
39019,79.7,31,stable
39021,64,31,stable
39023,76.8,139,stable
39025,85.3,181,falling
39027,86.6,42,stable
39029,68.6,101,stable
39031,74,36,stable
39033,66.6,41,stable
39035,68.7,1108,falling
39037,65.9,46,stable
39039,67.3,32,stable
39041,61,94,stable
39043,65,71,stable
39045,73.6,117,falling
39047,87.4,32,stable
39049,70.3,736,stable
39051,48.4,25,falling
39053,88.7,35,stable
39055,51.4,63,stable
39057,60.9,113,stable
39059,82.2,43,stable
39061,75.1,673,stable
39063,57.9,52,stable
39065,72.9,26,stable
39067,72.7,17,stable
39069,55.3,20,stable
39071,75.8,41,stable
39073,75.9,28,stable
39075,40,16,stable
39077,78.2,54,stable
39079,82.3,33,stable
39081,78.6,78,stable
39083,69.8,51,stable
39085,73,222,stable
39087,83.4,66,stable
39089,78.5,149,falling
39091,70.7,40,stable
39093,71,259,stable
39095,61.9,306,stable
39097,74.8,36,stable
39099,69.4,232,stable
39101,82.9,67,falling
39103,62.1,123,stable
39105,71.8,22,stable
39107,52.9,28,stable
39109,73.7,95,falling
39111,60.3,13,stable
39113,76.4,507,stable
39115,80.5,18,stable
39117,80.1,34,stable
39119,80.6,87,stable
39121,48.6,12,stable
39123,66,43,stable
39125,87.6,21,stable
39127,78.5,33,stable
39129,77.5,49,stable
39131,91.3,33,stable
39133,72.1,128,stable
39135,72.2,39,stable
39137,45.5,19,stable
39139,71.5,118,falling
39141,85.2,79,stable
39143,69.2,53,stable
39145,97.8,96,stable
39147,72.1,49,stable
39149,55.7,32,stable
39151,68.1,338,stable
39153,67.2,449,falling
39155,80.8,237,stable
39157,61,76,stable
39159,68.9,33,stable
39161,56.2,21,stable
39163,114.2,19,stable
39165,65.8,139,stable
39167,75.8,67,stable
39169,57,79,stable
39171,66,32,stable
39173,53.3,73,stable
39175,74.4,22,stable
40001,71.5,18,stable
40003,61.2,5,stable
40005,80.2,14,stable
40007,* ,3 or fewer,*
40009,53.8,13,stable
40011,66.4,9,stable
40013,87.9,48,stable
40015,85.3,30,stable
40017,70.2,80,stable
40019,77.6,45,stable
40021,79.3,41,stable
40023,80.4,17,stable
40025,* ,3 or fewer,*
40027,66.3,156,falling
40029,85.8,7,stable
40031,72.8,80,stable
40033,59.8,5,stable
40035,85.9,18,stable
40037,87.7,78,stable
40039,71.5,21,stable
40041,71.3,46,stable
40043,48.3,4,stable
40045,65.8,4,stable
40047,62.4,46,stable
40049,87.9,32,stable
40051,67.6,41,stable
40053,60.2,4,stable
40055,89.8,7,stable
40057,* ,3 or fewer,*
40059,76.8,4,stable
40061,75.8,13,stable
40063,88.5,17,stable
40065,58.6,17,stable
40067,79,7,stable
40069,54.9,8,stable
40071,72.9,45,stable
40073,70.4,13,stable
40075,75.1,10,stable
40077,59.9,9,stable
40079,62.2,38,stable
40081,66.3,30,stable
40083,67.4,32,stable
40085,57.5,7,stable
40087,83,32,stable
40089,94.2,39,stable
40091,76.9,26,stable
40093,59.3,6,stable
40095,71.7,18,stable
40097,84.2,44,stable
40099,97.5,18,stable
40101,97.9,84,stable
40103,59.7,9,stable
40105,59.7,9,stable
40107,65.3,11,stable
40109,69.5,513,stable
40111,95.2,48,stable
40113,55.9,36,stable
40115,80.2,34,stable
40117,77.7,18,stable
40119,62,42,stable
40121,76.3,47,falling
40123,73.3,33,stable
40125,85.4,70,stable
40127,65.2,11,stable
40129,* ,3 or fewer,*
40131,62.8,64,stable
40133,85.9,29,stable
40135,71.1,38,stable
40137,69.2,42,stable
40139,51.3,9,stable
40141,59.7,6,stable
40143,67.1,421,stable
40145,68.8,56,stable
40147,78.6,56,stable
40149,52.9,8,falling
40151,55.5,6,stable
40153,41,10,stable
41001,65,18,stable
41003,48.9,43,stable
41005,55.2,245,stable
41007,72.4,37,stable
41009,63.2,38,stable
41011,73.5,78,stable
41013,54,19,stable
41015,61.9,29,stable
41017,53.1,105,stable
41019,67,118,falling
41021,* ,3 or fewer,*
41023,41.9,6,stable
41025,43.9,5,stable
41027,45.6,11,stable
41029,62.6,184,stable
41031,50.9,14,stable
41033,72.1,104,stable
41035,60.3,56,stable
41037,47,6,stable
41039,53.9,237,stable
41041,74.4,60,stable
41043,71.3,106,stable
41045,54,20,stable
41047,66.1,227,stable
41049,62.3,8,stable
41051,62.2,432,stable
41053,52.1,48,stable
41055,* ,3 or fewer,*
41057,63.6,27,stable
41059,58,48,stable
41061,44.7,15,falling
41063,46.3,6,stable
41065,74.1,26,stable
41067,48,231,stable
41069,* ,3 or fewer,*
41071,65.2,73,stable
42001,59.2,79,stable
42003,72.5,1193,stable
42005,66.4,67,stable
42007,76.5,192,stable
42009,51,37,stable
42011,64.1,316,rising
42013,66.3,119,stable
42015,70.7,63,stable
42017,62.5,487,stable
42019,61.4,143,stable
42021,56.7,119,stable
42023,60.6,5,stable
42025,72.7,68,stable
42027,53.1,77,stable
42029,54,301,stable
42031,59.2,31,stable
42033,60.3,69,stable
42035,67.7,34,stable
42037,58,50,stable
42039,67.5,81,stable
42041,56.8,172,stable
42043,66.7,210,stable
42045,70.8,468,falling
42047,65.8,32,stable
42049,66.5,225,stable
42051,77.5,151,stable
42053,68.6,8,stable
42055,58.5,116,stable
42057,54.3,11,stable
42059,84.2,42,stable
42061,58.4,36,stable
42063,52.9,59,stable
42065,66.1,43,stable
42067,54.7,18,stable
42069,70.4,208,stable
42071,53.3,340,stable
42073,71.3,95,stable
42075,65.3,120,stable
42077,63.6,271,stable
42079,68.7,308,stable
42081,67.1,101,stable
42083,68.1,39,stable
42085,66.9,110,stable
42087,70.4,48,stable
42089,72.5,139,stable
42091,56.8,569,stable
42093,56.1,15,stable
42095,64.7,249,stable
42097,66.3,91,stable
42099,71.8,41,stable
42101,81.5,1260,falling
42103,64.5,52,stable
42105,79.8,22,stable
42107,68.1,144,stable
42109,50.4,25,stable
42111,48.5,56,stable
42113,69.3,8,rising
42115,53.6,35,stable
42117,69.6,41,stable
42119,57.6,30,stable
42121,74.7,60,stable
42123,59.9,38,stable
42125,68.2,201,stable
42127,64.4,51,stable
42129,70.5,387,stable
42131,77.1,29,stable
42133,67.2,353,stable
44001,54.5,37,stable
44003,68.9,150,stable
44005,60.1,70,stable
44007,72.7,503,stable
44009,64.8,104,stable
45001,68.1,24,rising
45003,58.5,122,falling
45005,61.7,8,stable
45007,69.6,166,stable
45009,59,13,stable
45011,59.5,15,stable
45013,49,124,stable
45015,84.8,142,stable
45017,59.7,12,stable
45019,65.5,257,stable
45021,87.7,56,stable
45023,77.4,32,stable
45025,81.2,45,stable
45027,70,35,stable
45029,93.5,48,stable
45031,72.4,62,stable
45033,85.5,32,stable
45035,70.6,89,stable
45037,58.5,18,falling
45039,57.9,18,stable
45041,72.8,115,stable
45043,59.2,57,falling
45045,64.6,324,stable
45047,63.2,54,stable
45049,78.1,20,stable
45051,74.7,286,falling
45053,51.9,14,stable
45055,73.6,57,stable
45057,67.5,68,stable
45059,80.2,67,stable
45061,73,17,stable
45063,68.5,196,stable
45065,67.4,13,stable
45067,79.3,33,stable
45069,87.2,29,stable
45071,58.5,29,stable
45073,68.8,75,stable
45075,63.3,71,stable
45077,74,99,stable
45079,70.1,242,stable
45081,55.1,14,stable
45083,73.1,241,stable
45085,72,84,stable
45087,94.2,36,stable
45089,66.3,29,rising
45091,66.8,157,stable
46003,96,4,*
46005,48.6,12,stable
46007,* ,3 or fewer,*
46009,55.7,6,stable
46011,53.5,14,stable
46013,57.5,27,stable
46015,83,6,stable
46017,* ,3 or fewer,*
46019,60.8,9,stable
46021,* ,3 or fewer,*
46023,48.9,6,stable
46025,* ,3 or fewer,*
46027,61.4,7,stable
46029,49.4,16,stable
46031,* ,3 or fewer,*
46033,38.6,6,stable
46035,64.2,17,stable
46037,45,4,stable
46039,48,3,*
46041,82.2,3,*
46043,81.9,4,stable
46045,* ,3 or fewer,*
46047,63.6,8,falling
46049,* ,3 or fewer,*
46051,55.1,6,stable
46053,75.8,5,stable
46055,* ,3 or fewer,*
46057,47.8,3,*
46059,* ,3 or fewer,*
46061,* ,3 or fewer,*
46063,* ,3 or fewer,*
46065,52.1,10,stable
46067,41.9,5,stable
46069,* ,3 or fewer,*
46071,* ,3 or fewer,*
46073,* ,3 or fewer,*
46075,* ,3 or fewer,*
46077,62.6,6,stable
46079,46,7,stable
46081,47.8,15,stable
46083,48.9,18,stable
46085,* ,3 or fewer,*
46087,86,7,*
46089,* ,3 or fewer,*
46091,53.7,4,stable
46093,56.4,15,stable
46095,* ,3 or fewer,*
46097,88.3,4,stable
46099,65.3,110,stable
46101,44.2,4,stable
46103,66.1,78,stable
46105,* ,3 or fewer,*
46107,89,4,stable
46109,46.4,6,stable
46111,* ,3 or fewer,*
46113,59.9,5,stable
46115,48.8,5,stable
46117,* ,3 or fewer,*
46119,* ,3 or fewer,*
46121,* ,3 or fewer,*
46123,42.6,4,stable
46125,56.2,6,stable
46127,80.2,14,stable
46129,47,5,stable
46135,61.4,18,falling
46137,* ,3 or fewer,*
47001,71.1,75,stable
47003,69.4,35,stable
47005,104.7,26,stable
47007,85.2,15,stable
47009,79,130,stable
47011,81,97,stable
47013,105.9,60,stable
47015,59.7,11,stable
47017,80,32,stable
47019,78.3,63,stable
47021,92.3,38,stable
47023,76.7,16,rising
47025,107.7,47,stable
47027,76.1,9,stable
47029,96.9,50,stable
47031,84.4,57,stable
47033,64.6,12,stable
47035,79.8,80,stable
47037,72,424,falling
47039,87.4,16,stable
47041,91.3,22,stable
47043,87.9,50,stable
47045,77.9,37,stable
47047,58.7,31,stable
47049,92.7,24,stable
47051,70.6,41,stable
47053,80.5,52,stable
47055,82.1,33,stable
47057,82.2,26,stable
47059,96.4,94,stable
47061,96.1,19,stable
47063,77.9,64,stable
47065,68.4,286,stable
47067,83.1,9,stable
47069,94.2,31,stable
47071,85.9,33,stable
47073,102.7,79,stable
47075,80.4,18,stable
47077,93.4,32,stable
47079,88.4,45,stable
47081,91.5,27,stable
47083,96.8,11,stable
47085,99.2,26,stable
47087,102.8,18,stable
47089,68.9,49,stable
47091,88,23,stable
47093,73.8,357,falling
47095,96.8,9,stable
47097,92.9,28,stable
47099,78.2,43,stable
47101,116.1,19,stable
47103,64.3,30,stable
47105,69.2,58,stable
47107,81.4,59,falling
47109,89.5,33,stable
47111,100.4,27,stable
47113,70.7,78,stable
47115,102.9,40,stable
47117,91.6,33,falling
47119,73.5,69,stable
47121,83.7,15,stable
47123,98.6,60,stable
47125,84.3,106,stable
47127,63.5,6,stable
47129,94.3,26,stable
47131,72.6,31,falling
47133,98.2,32,stable
47135,93.8,11,stable
47137,94.8,8,stable
47139,116,28,stable
47141,71.6,62,stable
47143,99,41,stable
47145,88.6,72,stable
47147,83.2,59,stable
47149,68.5,144,stable
47151,109.2,29,stable
47153,96.8,18,stable
47155,83.5,99,falling
47157,67.3,587,stable
47159,92.7,21,stable
47161,90.8,17,stable
47163,75.7,174,stable
47165,65.9,121,stable
47167,94.6,60,stable
47169,101.4,9,stable
47171,89.3,25,stable
47173,100.7,24,stable
47175,55.8,4,stable
47177,84.7,42,stable
47179,71.6,110,stable
47181,79.1,18,stable
47183,72.4,31,stable
47185,89.7,33,stable
47187,46.6,77,stable
47189,76.5,98,stable
48001,78.1,49,stable
48003,64.3,9,stable
48005,76.4,74,stable
48007,78.1,33,stable
48009,61.5,8,stable
48011,* ,3 or fewer,*
48013,42.4,21,stable
48015,48,18,stable
48017,* ,3 or fewer,*
48019,58.8,20,stable
48021,69.2,54,stable
48023,80.4,5,stable
48025,50.9,15,stable
48027,81.5,200,stable
48029,45.1,702,falling
48031,46.3,8,stable
48033,* ,3 or fewer,*
48035,58.4,17,stable
48037,80.2,88,stable
48039,63,175,stable
48041,49,62,stable
48043,36.4,4,*
48045,* ,3 or fewer,*
48047,* ,3 or fewer,*
48049,65.2,34,stable
48051,73.1,18,stable
48053,65.3,43,stable
48055,65.1,26,stable
48057,70,18,stable
48059,80.4,16,stable
48061,38.4,143,stable
48063,74.8,12,stable
48065,44.5,4,stable
48067,68.9,32,stable
48069,50.7,5,stable
48071,68.3,21,stable
48073,83.3,51,stable
48075,72.5,6,stable
48077,68.8,11,stable
48079,* ,3 or fewer,*
48081,52.5,3,*
48083,70.7,10,stable
48085,49.4,286,stable
48087,* ,3 or fewer,*
48089,65.6,20,stable
48091,58.1,83,stable
48093,76.4,17,stable
48095,* ,3 or fewer,*
48097,62.1,32,stable
48099,81.2,41,stable
48101,* ,3 or fewer,*
48103,* ,3 or fewer,*
48105,* ,3 or fewer,*
48107,57,5,stable
48109,* ,3 or fewer,*
48111,79.4,4,stable
48113,56,1078,falling
48115,59.2,9,stable
48117,55.1,10,stable
48119,58.8,5,stable
48121,53.3,245,stable
48123,57.9,17,stable
48125,* ,3 or fewer,*
48127,32.2,4,stable
48129,74,5,stable
48131,45.6,7,stable
48133,71,21,stable
48135,69.9,85,stable
48137,* ,3 or fewer,*
48139,64.8,91,stable
48141,32.9,231,stable
48143,53.1,21,stable
48145,61,14,stable
48147,78.7,36,stable
48149,54.2,22,stable
48151,46.7,3,*
48153,61.1,5,stable
48155,* ,3 or fewer,*
48157,43.1,188,stable
48159,78.4,12,stable
48161,60.1,16,stable
48163,39.2,6,stable
48165,46.8,7,stable
48167,63.2,192,stable
48169,61.3,4,stable
48171,48.8,25,stable
48173,* ,3 or fewer,*
48175,65.5,7,stable
48177,47.3,12,stable
48179,90.1,25,stable
48181,78,120,stable
48183,71.9,97,stable
48185,48.2,15,stable
48187,58.6,80,stable
48189,60,21,stable
48191,65.4,4,stable
48193,59.4,9,stable
48195,61.3,4,stable
48197,76.1,4,stable
48199,66.4,42,stable
48201,56,1768,stable
48203,79.5,62,stable
48205,* ,3 or fewer,*
48207,40.6,4,*
48209,47.2,57,stable
48211,86.4,3,*
48213,89.9,104,stable
48215,32.7,200,falling
48217,69.9,35,stable
48219,51.8,13,stable
48221,64.2,56,stable
48223,66,29,stable
48225,63.1,22,stable
48227,73.3,28,stable
48229,* ,3 or fewer,*
48231,80.2,82,stable
48233,58.4,15,stable
48235,* ,3 or fewer,*
48237,68,7,stable
48239,57.5,11,stable
48241,60.3,29,stable
48243,* ,3 or fewer,*
48245,65.7,178,stable
48247,* ,3 or fewer,*
48249,40.7,18,stable
48251,71.5,109,stable
48253,60.1,14,stable
48255,72,12,stable
48257,79.4,78,stable
48259,44,21,stable
48261,* ,3 or fewer,*
48263,* ,3 or fewer,*
48265,53.9,49,stable
48267,58.6,5,stable
48269,* ,3 or fewer,*
48271,* ,3 or fewer,*
48273,53.1,16,falling
48275,67.1,4,stable
48277,78.4,50,stable
48279,41,7,stable
48281,74.1,19,rising
48283,* ,3 or fewer,*
48285,55.3,17,rising
48287,44,9,stable
48289,67.1,19,stable
48291,84.3,64,stable
48293,81.8,24,stable
48295,* ,3 or fewer,*
48297,49.4,9,stable
48299,53.4,24,stable
48301,* ,3 or fewer,*
48303,53.2,139,stable
48305,47.9,4,stable
48307,56,7,stable
48309,66.1,164,stable
48311,* ,3 or fewer,*
48313,53.7,8,stable
48315,88.8,16,stable
48317,* ,3 or fewer,*
48319,* ,3 or fewer,*
48321,67.8,31,stable
48323,36.7,17,stable
48325,45.6,24,stable
48327,* ,3 or fewer,*
48329,54,71,stable
48331,65.2,23,stable
48333,45,4,stable
48335,81.9,8,stable
48337,92.2,26,stable
48339,61.3,271,falling
48341,65.5,12,stable
48343,81.2,16,stable
48345,* ,3 or fewer,*
48347,74.5,47,stable
48349,62.3,35,stable
48351,65.9,13,stable
48353,58.9,12,stable
48355,51.7,184,stable
48357,60.4,5,stable
48359,* ,3 or fewer,*
48361,82.7,80,falling
48363,80.8,30,stable
48365,70.7,21,stable
48367,70.9,92,stable
48369,42,4,*
48371,40.7,6,falling
48373,99.4,67,stable
48375,73.3,83,stable
48377,* ,3 or fewer,*
48379,87.5,15,stable
48381,52.8,68,stable
48383,* ,3 or fewer,*
48385,49.4,3,*
48387,67,14,stable
48389,35.8,5,stable
48391,79.8,9,stable
48393,* ,3 or fewer,*
48395,58.2,13,stable
48397,49.2,34,stable
48399,61.1,10,stable
48401,69.8,43,stable
48403,71.3,16,stable
48405,73.8,11,stable
48407,93,34,stable
48409,73.5,51,stable
48411,60.9,6,stable
48413,* ,3 or fewer,*
48415,76.8,14,stable
48417,* ,3 or fewer,*
48419,73.4,23,stable
48421,* ,3 or fewer,*
48423,67.3,166,stable
48425,62,6,stable
48427,38.5,20,stable
48429,83.7,11,stable
48431,* ,3 or fewer,*
48433,* ,3 or fewer,*
48435,* ,3 or fewer,*
48437,49.7,5,stable
48439,60.2,903,falling
48441,60.3,85,stable
48443,* ,3 or fewer,*
48445,70.7,10,stable
48447,* ,3 or fewer,*
48449,49.2,15,stable
48451,54.1,67,stable
48453,44.8,330,stable
48455,90.7,23,stable
48457,72.8,23,stable
48459,75.5,39,stable
48461,* ,3 or fewer,*
48463,38.1,12,stable
48465,35.4,17,stable
48467,68.7,52,stable
48469,57.6,56,stable
48471,68.5,43,stable
48473,53.7,21,stable
48475,69.8,9,stable
48477,44.7,22,stable
48479,30.3,51,stable
48481,49.7,25,stable
48483,54,4,stable
48485,74.9,106,stable
48487,62.3,11,stable
48489,40.4,9,stable
48491,50.9,178,stable
48493,43.7,22,stable
48495,67.8,5,stable
48497,63.1,41,stable
48499,75.4,57,stable
48501,66.2,5,stable
48503,74.2,20,stable
48505,38.2,4,stable
48507,* ,3 or fewer,*
49001,* ,3 or fewer,*
49003,20.4,10,stable
49005,15.8,12,stable
49007,51.1,12,stable
49009,* ,3 or fewer,*
49011,25,57,stable
49013,50.2,8,stable
49015,* ,3 or fewer,*
49017,* ,3 or fewer,*
49019,61.9,7,*
49021,29.5,11,stable
49023,* ,3 or fewer,*
49025,32.6,4,*
49027,25.8,4,*
49029,* ,3 or fewer,*
49031,* ,3 or fewer,*
49033,* ,3 or fewer,*
49035,32.1,260,falling
49037,* ,3 or fewer,*
49039,29.3,8,stable
49041,30.3,7,stable
49043,18.2,6,stable
49045,40.2,16,stable
49047,27.6,7,stable
49049,18.5,56,falling
49051,34.5,6,*
49053,29.7,55,stable
49055,* ,3 or fewer,*
49057,33.6,69,stable
50001,65.6,30,falling
50003,64.3,36,stable
50005,74.8,29,stable
50007,65.5,104,stable
50009,77.6,8,stable
50011,79.6,41,stable
50013,89.1,7,stable
50015,66.1,19,stable
50017,67.2,24,stable
50019,59.4,23,stable
50021,72.6,63,falling
50023,61,46,stable
50025,58.9,36,stable
50027,67.4,57,stable
51001,91.1,46,stable
51003,41,49,stable
51005,54.8,14,falling
51007,75.3,13,falling
51009,64.7,28,stable
51011,75.5,15,stable
51013,37.2,61,stable
51015,51.7,53,stable
51017,66,5,stable
51021,83.5,8,stable
51023,56.4,26,stable
51025,74.6,18,stable
51027,53.9,18,stable
51029,76.7,17,stable
51031,54.2,40,stable
51033,83.6,29,stable
51035,56.4,26,stable
51036,51.9,7,stable
51037,59.5,11,stable
51041,69.4,211,falling
51043,63.4,13,stable
51045,58.9,5,stable
51047,70.6,35,stable
51049,64.8,9,stable
51051,76.1,17,stable
51053,70.9,24,stable
51057,81.5,13,stable
51059,40,390,stable
51061,48.7,37,stable
51063,47.5,10,stable
51065,66.4,22,stable
51067,53.1,42,falling
51069,72.3,64,stable
51071,66.7,16,falling
51073,88.7,42,stable
51075,66.3,20,stable
51077,63.6,16,falling
51079,62.5,14,stable
51081,81.5,12,stable
51083,58.7,32,stable
51085,80.7,94,stable
51087,57.2,190,stable
51089,69.9,56,stable
51091,* ,3 or fewer,*
51093,63,29,falling
51095,42.8,45,stable
51097,80.1,8,stable
51099,92.7,19,stable
51101,60.8,11,stable
51103,58.5,15,stable
51105,82.4,27,falling
51107,40.8,85,falling
51109,80,35,stable
51111,67.5,12,stable
51113,81.9,15,stable
51115,64.6,10,stable
51117,75.2,39,stable
51119,79.4,16,stable
51121,54,43,stable
51125,92,21,stable
51127,76.4,15,stable
51131,83.6,17,stable
51133,71.6,20,stable
51135,67.6,14,stable
51137,77.8,37,stable
51139,66.1,22,stable
51141,51.2,15,stable
51143,59.3,54,falling
51145,65.8,21,stable
51147,53.3,13,stable
51149,65.2,24,stable
51153,48.4,133,stable
51155,62.8,32,stable
51157,65.2,7,stable
51159,72.9,9,stable
51161,55.2,72,stable
51163,32,12,falling
51165,49.4,51,stable
51167,63.5,25,stable
51169,72.1,25,stable
51171,67.4,41,stable
51173,92,42,stable
51175,63.8,16,stable
51177,68.2,77,stable
51179,77.4,72,stable
51181,60.9,6,stable
51183,90.7,14,stable
51185,67.6,42,stable
51187,72.1,31,stable
51191,75.6,60,falling
51193,74.7,22,stable
51195,84.3,42,stable
51197,74.7,31,stable
51199,48.4,33,stable
51510,28.8,34,stable
51520,54.6,14,stable
51530,107.3,8,stable
51540,114.7,38,rising
51550,71.6,149,stable
51570,69.5,17,stable
51580,167,13,stable
51590,92.4,57,stable
51595,56.2,4,rising
51600,26.5,7,stable
51610,44.8,5,stable
51620,82.8,9,stable
51630,95.1,20,stable
51640,80.2,8,stable
51650,76.8,110,stable
51660,91.2,29,stable
51670,89.5,24,stable
51678,110.1,7,*
51680,75.9,61,stable
51683,55.1,14,stable
51685,* ,3 or fewer,*
51690,70.8,14,stable
51700,75.2,125,stable
51710,75.6,152,stable
51720,100.5,5,stable
51730,113.1,45,stable
51735,50.2,7,stable
51740,78.3,81,stable
51750,87.3,9,stable
51760,76.1,151,stable
51770,95.5,110,stable
51775,71.5,24,stable
51790,96.8,35,stable
51800,68.3,59,falling
51810,67.5,279,stable
51820,88.3,24,stable
51830,127.9,19,stable
51840,57.1,17,falling
51917,58.4,61,falling
53001,37,6,stable
53003,66.8,21,stable
53005,59.9,109,stable
53007,49.8,47,stable
53009,69.6,90,stable
53011,62.1,266,stable
53013,62.2,4,stable
53015,66.3,88,stable
53017,42,19,stable
53019,46,6,stable
53021,52.7,27,stable
53023,* ,3 or fewer,*
53025,57.1,49,stable
53027,81.9,81,falling
53029,48.2,56,falling
53031,55.7,34,falling
53033,51.8,972,falling
53035,60.5,173,falling
53037,47.4,20,stable
53039,47.6,15,stable
53041,61.9,65,stable
53043,60.9,10,stable
53045,75.9,69,falling
53047,62.8,36,stable
53049,62,24,stable
53051,74.9,15,stable
53053,76.1,590,falling
53055,34.8,11,falling
53057,63.1,98,falling
53059,47.7,7,stable
53061,64.1,433,falling
53063,59.8,313,stable
53065,58.7,38,stable
53067,63.8,180,falling
53069,55.4,4,stable
53071,53.4,37,stable
53073,59.8,133,stable
53075,41.7,15,stable
53077,57.6,137,stable
54001,58.8,13,stable
54003,83.7,92,stable
54005,111.8,34,stable
54007,72.4,16,stable
54009,64.7,24,stable
54011,89.9,109,stable
54013,90.9,11,stable
54015,99.8,13,stable
54017,40,4,stable
54019,87.6,56,stable
54021,46.8,5,stable
54023,52.7,9,stable
54025,67.8,38,stable
54027,83.8,27,stable
54029,78.9,36,stable
54031,68.8,13,stable
54033,87.3,82,stable
54035,74.3,31,stable
54037,71,41,stable
54039,87.3,231,stable
54041,100.1,25,stable
54043,111.5,32,falling
54045,115.7,56,stable
54047,103.9,32,stable
54049,77.5,61,stable
54051,72.8,34,stable
54053,87.6,34,stable
54055,84,75,stable
54057,82.3,32,stable
54059,106.5,35,stable
54061,65.9,56,stable
54063,63.3,13,rising
54065,68.9,18,stable
54067,67.5,25,stable
54069,73.5,47,stable
54071,44.2,6,stable
54073,98.3,10,stable
54075,78.2,11,stable
54077,68.1,31,stable
54079,76.1,52,stable
54081,81,86,stable
54083,63.3,27,stable
54085,105.7,16,stable
54087,76.5,16,stable
54089,54.1,11,stable
54091,72.2,17,stable
54093,75.3,9,stable
54095,81,11,stable
54097,74,24,stable
54099,89.5,51,stable
54101,94.6,13,stable
54103,87,22,stable
54105,78.8,7,stable
54107,81.9,97,stable
54109,90.3,27,stable
55001,85.7,32,stable
55003,71.4,15,stable
55005,58.9,38,stable
55007,54.9,14,stable
55009,57.9,149,stable
55011,52.4,10,stable
55013,75.7,20,stable
55015,53.3,27,falling
55017,65.8,50,stable
55019,52.3,22,stable
55021,64.3,45,stable
55023,62.4,16,stable
55025,54.3,245,stable
55027,58.6,65,stable
55029,53.8,27,stable
55031,58.1,31,stable
55033,45.4,21,stable
55035,57.1,61,stable
55037,66.5,5,stable
55039,60.7,76,stable
55041,94.7,14,stable
55043,51.5,33,stable
55045,58.6,27,stable
55047,53.7,15,stable
55049,56,17,stable
55051,79.3,9,stable
55053,69,19,stable
55055,56.2,52,stable
55057,67.5,26,stable
55059,73.1,120,stable
55061,50.7,14,stable
55063,60.4,77,stable
55065,47.5,11,stable
55067,64.2,20,stable
55069,64.1,27,stable
55071,52.2,59,stable
55073,48.8,78,stable
55075,72.3,47,falling
55077,76.3,19,stable
55078,80.9,4,stable
55079,71.1,658,stable
55081,77.3,41,stable
55083,76.5,39,stable
55085,78.2,48,stable
55087,54.8,99,stable
55089,49.4,55,stable
55091,53.4,6,stable
55093,37.6,15,falling
55095,52.3,31,stable
55097,54.3,42,stable
55099,58,14,stable
55101,69.5,153,stable
55103,57.7,14,stable
55105,74.9,139,stable
55107,76,18,stable
55109,45.4,35,rising
55111,57.3,44,stable
55113,67.3,18,falling
55115,55,33,stable
55117,60.6,84,stable
55119,47.4,13,stable
55121,57.9,21,stable
55123,55,23,stable
55125,66.9,28,rising
55127,64,75,stable
55129,71.5,19,stable
55131,57.3,89,stable
55133,54.6,262,stable
55135,64.7,48,stable
55137,72,28,stable
55139,62.2,117,stable
55141,57.4,58,stable
56001,40.8,11,stable
56003,41.8,7,stable
56005,53.1,16,stable
56007,58.4,10,stable
56009,58.3,9,stable
56011,46.2,5,stable
56013,45.7,22,stable
56015,52.5,10,stable
56017,75.8,7,stable
56019,38.2,5,stable
56021,52.1,53,falling
56023,32.1,7,stable
56025,58.2,48,stable
56027,* ,3 or fewer,*
56029,36.3,15,stable
56031,52,7,stable
56033,52,20,stable
56035,* ,3 or fewer,*
56037,39.9,14,stable
56039,23.7,5,stable
56041,31.7,6,stable
56043,50,6,stable
56045,44.9,4,stable
